timestamp,server_id,cpu_used,q_len,network_in,network_out
1,Server 0,0,0,0,0
1,Server 1,0,0,0,0
1,Server 2,0,0,0,0
2,Server 0,41,1,9,8
2,Server 1,46,1,15,13
2,Server 2,0,0,0,0
3,Server 0,41,1,9,8
3,Server 1,46,1,15,13
3,Server 2,42,1,5,6
4,Server 0,41,1,9,8
4,Server 1,46,1,15,13
4,Server 2,42,1,5,6
5,Server 0,41,1,9,8
5,Server 1,46,1,15,13
5,Server 2,42,1,5,6
6,Server 0,41,1,9,8
6,Server 1,46,1,15,13
6,Server 2,42,1,5,6
7,Server 0,41,1,9,8
7,Server 1,46,1,15,13
7,Server 2,42,1,5,6
8,Server 0,41,1,9,8
8,Server 1,84,1,13,11
8,Server 2,42,1,5,6
9,Server 0,41,1,9,8
9,Server 1,84,1,13,11
9,Server 2,42,1,5,6
10,Server 0,78,1,5,13
10,Server 1,84,1,13,11
10,Server 2,42,1,5,6
11,Server 0,78,1,5,13
11,Server 1,84,1,13,11
11,Server 2,57,1,5,7
12,Server 0,78,1,5,13
12,Server 1,84,1,13,11
12,Server 2,57,1,5,7
13,Server 0,78,1,5,13
13,Server 1,84,1,13,11
13,Server 2,57,1,5,7
14,Server 0,78,1,5,13
14,Server 1,84,1,13,11
14,Server 2,57,1,5,7
15,Server 0,78,1,5,13
15,Server 1,84,1,13,11
15,Server 2,57,1,5,7
16,Server 0,78,1,5,13
16,Server 1,46,1,10,10
16,Server 2,57,1,5,7
17,Server 0,78,1,5,13
17,Server 1,46,1,10,10
17,Server 2,57,1,5,7
18,Server 0,49,1,8,10
18,Server 1,46,1,10,10
18,Server 2,57,1,5,7
19,Server 0,49,1,8,10
19,Server 1,46,1,10,10
19,Server 2,57,1,5,7
20,Server 0,49,1,8,10
20,Server 1,46,1,10,10
20,Server 2,57,1,5,7
21,Server 0,49,1,8,10
21,Server 1,46,1,10,10
21,Server 2,57,1,5,7
22,Server 0,49,1,8,10
22,Server 1,46,1,10,10
22,Server 2,42,1,12,13
23,Server 0,49,1,8,10
23,Server 1,46,1,10,10
23,Server 2,42,1,12,13
24,Server 0,64,1,6,13
24,Server 1,46,1,10,10
24,Server 2,42,1,12,13
25,Server 0,64,1,6,13
25,Server 1,46,1,10,10
25,Server 2,42,1,12,13
26,Server 0,64,1,6,13
26,Server 1,46,1,10,10
26,Server 2,42,1,12,13
27,Server 0,64,1,6,13
27,Server 1,46,1,10,10
27,Server 2,42,1,12,13
28,Server 0,64,1,6,13
28,Server 1,46,1,10,10
28,Server 2,79,1,10,14
29,Server 0,64,1,6,13
29,Server 1,46,1,10,10
29,Server 2,79,1,10,14
30,Server 0,64,1,6,13
30,Server 1,54,1,6,11
30,Server 2,79,1,10,14
31,Server 0,64,1,6,13
31,Server 1,54,1,6,11
31,Server 2,79,1,10,14
32,Server 0,64,1,6,13
32,Server 1,54,1,6,11
32,Server 2,79,1,10,14
33,Server 0,42,1,15,8
33,Server 1,54,1,6,11
33,Server 2,79,1,10,14
34,Server 0,42,1,15,8
34,Server 1,54,1,6,11
34,Server 2,79,1,10,14
35,Server 0,42,1,15,8
35,Server 1,54,1,6,11
35,Server 2,79,1,10,14
36,Server 0,42,1,15,8
36,Server 1,54,1,6,11
36,Server 2,63,1,7,10
37,Server 0,42,1,15,8
37,Server 1,54,1,6,11
37,Server 2,63,1,7,10
38,Server 0,42,1,15,8
38,Server 1,54,1,6,11
38,Server 2,63,1,7,10
39,Server 0,42,1,15,8
39,Server 1,50,1,13,8
39,Server 2,63,1,7,10
40,Server 0,42,1,15,8
40,Server 1,50,1,13,8
40,Server 2,63,1,7,10
41,Server 0,42,1,15,8
41,Server 1,50,1,13,8
41,Server 2,63,1,7,10
42,Server 0,57,1,15,15
42,Server 1,50,1,13,8
42,Server 2,63,1,7,10
43,Server 0,57,1,15,15
43,Server 1,50,1,13,8
43,Server 2,63,1,7,10
44,Server 0,57,1,15,15
44,Server 1,50,1,13,8
44,Server 2,63,1,7,10
45,Server 0,57,1,15,15
45,Server 1,50,1,13,8
45,Server 2,63,1,7,10
46,Server 0,57,1,15,15
46,Server 1,65,1,9,6
46,Server 2,57,1,15,13
47,Server 0,57,1,15,15
47,Server 1,65,1,9,6
47,Server 2,57,1,15,13
48,Server 0,89,1,5,8
48,Server 1,65,1,9,6
48,Server 2,57,1,15,13
49,Server 0,89,1,5,8
49,Server 1,65,1,9,6
49,Server 2,57,1,15,13
50,Server 0,89,1,5,8
50,Server 1,65,1,9,6
50,Server 2,57,1,15,13
51,Server 0,89,1,5,8
51,Server 1,65,1,9,6
51,Server 2,57,1,15,13
52,Server 0,89,1,5,8
52,Server 1,65,1,9,6
52,Server 2,57,1,15,13
53,Server 0,81,1,12,7
53,Server 1,65,1,9,6
53,Server 2,57,1,15,13
54,Server 0,81,1,12,7
54,Server 1,87,1,13,13
54,Server 2,76,1,10,8
55,Server 0,81,1,12,7
55,Server 1,87,1,13,13
55,Server 2,76,1,10,8
56,Server 0,81,1,12,7
56,Server 1,87,1,13,13
56,Server 2,76,1,10,8
57,Server 0,81,1,12,7
57,Server 1,87,1,13,13
57,Server 2,76,1,10,8
58,Server 0,81,1,12,7
58,Server 1,87,1,13,13
58,Server 2,76,1,10,8
59,Server 0,81,1,12,7
59,Server 1,87,1,13,13
59,Server 2,76,1,10,8
60,Server 0,81,1,12,7
60,Server 1,87,1,13,13
60,Server 2,76,1,10,8
61,Server 0,81,1,12,7
61,Server 1,87,1,13,13
61,Server 2,76,1,10,8
62,Server 0,48,1,13,12
62,Server 1,87,1,13,13
62,Server 2,76,1,10,8
63,Server 0,48,1,13,12
63,Server 1,47,1,7,15
63,Server 2,76,1,10,8
64,Server 0,48,1,13,12
64,Server 1,47,1,7,15
64,Server 2,76,1,10,8
65,Server 0,48,1,13,12
65,Server 1,47,1,7,15
65,Server 2,76,1,10,8
66,Server 0,48,1,13,12
66,Server 1,47,1,7,15
66,Server 2,76,1,10,8
67,Server 0,48,1,13,12
67,Server 1,47,1,7,15
67,Server 2,76,1,10,8
68,Server 0,69,1,13,9
68,Server 1,47,1,7,15
68,Server 2,76,1,10,8
69,Server 0,69,1,13,9
69,Server 1,47,1,7,15
69,Server 2,67,1,14,11
70,Server 0,69,1,13,9
70,Server 1,40,1,15,6
70,Server 2,67,1,14,11
71,Server 0,69,1,13,9
71,Server 1,40,1,15,6
71,Server 2,67,1,14,11
72,Server 0,69,1,13,9
72,Server 1,40,1,15,6
72,Server 2,67,1,14,11
73,Server 0,69,1,13,9
73,Server 1,40,1,15,6
73,Server 2,67,1,14,11
74,Server 0,69,1,13,9
74,Server 1,40,1,15,6
74,Server 2,67,1,14,11
75,Server 0,69,1,13,9
75,Server 1,40,1,15,6
75,Server 2,67,1,14,11
76,Server 0,69,1,13,9
76,Server 1,40,1,15,6
76,Server 2,67,1,14,11
77,Server 0,69,1,13,9
77,Server 1,40,1,15,6
77,Server 2,67,1,14,11
78,Server 0,69,1,13,9
78,Server 1,40,1,15,6
78,Server 2,67,1,14,11
79,Server 0,69,1,13,9
79,Server 1,40,1,15,6
79,Server 2,67,1,14,6
80,Server 0,69,1,13,9
80,Server 1,40,1,15,6
80,Server 2,67,1,14,6
81,Server 0,67,1,7,12
81,Server 1,40,1,15,6
81,Server 2,67,1,14,6
82,Server 0,67,1,7,12
82,Server 1,40,1,15,6
82,Server 2,67,1,14,6
83,Server 0,67,1,7,12
83,Server 1,40,1,15,6
83,Server 2,67,1,14,6
84,Server 0,67,1,7,12
84,Server 1,40,1,15,6
84,Server 2,67,1,14,6
85,Server 0,67,1,7,12
85,Server 1,86,1,9,13
85,Server 2,67,1,14,6
86,Server 0,52,1,7,10
86,Server 1,86,1,9,13
86,Server 2,67,1,14,6
87,Server 0,52,1,7,10
87,Server 1,86,1,9,13
87,Server 2,67,1,14,6
88,Server 0,52,1,7,10
88,Server 1,86,1,9,13
88,Server 2,67,1,14,6
89,Server 0,52,1,7,10
89,Server 1,86,1,9,13
89,Server 2,67,1,14,6
90,Server 0,52,1,7,10
90,Server 1,86,1,9,13
90,Server 2,88,1,9,15
91,Server 0,52,1,7,10
91,Server 1,86,1,9,13
91,Server 2,88,1,9,15
92,Server 0,52,1,7,10
92,Server 1,89,1,13,5
92,Server 2,88,1,9,15
93,Server 0,55,1,14,6
93,Server 1,89,1,13,5
93,Server 2,88,1,9,15
94,Server 0,55,1,14,6
94,Server 1,89,1,13,5
94,Server 2,88,1,9,15
95,Server 0,55,1,14,6
95,Server 1,89,1,13,5
95,Server 2,88,1,9,15
96,Server 0,55,1,14,6
96,Server 1,89,1,13,5
96,Server 2,88,1,9,15
97,Server 0,55,1,14,6
97,Server 1,89,1,13,5
97,Server 2,88,1,9,15
98,Server 0,55,1,14,6
98,Server 1,89,1,13,5
98,Server 2,88,1,9,15
99,Server 0,67,1,8,13
99,Server 1,89,1,13,5
99,Server 2,88,1,9,15
100,Server 0,67,1,8,13
100,Server 1,89,1,13,5
100,Server 2,46,1,15,9
101,Server 0,67,1,8,13
101,Server 1,89,1,13,5
101,Server 2,46,1,15,9
102,Server 0,67,1,8,13
102,Server 1,89,1,13,5
102,Server 2,46,1,15,9
103,Server 0,67,1,8,13
103,Server 1,89,1,13,5
103,Server 2,46,1,15,9
104,Server 0,67,1,8,13
104,Server 1,89,1,13,5
104,Server 2,46,1,15,9
105,Server 0,67,1,8,13
105,Server 1,89,1,13,5
105,Server 2,46,1,15,9
106,Server 0,67,1,8,13
106,Server 1,44,1,13,7
106,Server 2,46,1,15,9
107,Server 0,61,1,5,14
107,Server 1,44,1,13,7
107,Server 2,46,1,15,9
108,Server 0,61,1,5,14
108,Server 1,44,1,13,7
108,Server 2,46,1,15,9
109,Server 0,61,1,5,14
109,Server 1,44,1,13,7
109,Server 2,46,1,15,9
110,Server 0,61,1,5,14
110,Server 1,44,1,13,7
110,Server 2,46,1,15,9
111,Server 0,61,1,5,14
111,Server 1,44,1,13,7
111,Server 2,46,1,15,9
112,Server 0,61,1,5,14
112,Server 1,44,1,13,7
112,Server 2,46,1,15,9
113,Server 0,61,1,5,14
113,Server 1,65,1,15,15
113,Server 2,46,1,15,9
114,Server 0,61,1,5,14
114,Server 1,65,1,15,15
114,Server 2,46,1,15,9
115,Server 0,61,1,5,14
115,Server 1,65,1,15,15
115,Server 2,41,1,6,10
116,Server 0,61,1,5,14
116,Server 1,65,1,15,15
116,Server 2,41,1,6,10
117,Server 0,61,1,5,14
117,Server 1,65,1,15,15
117,Server 2,41,1,6,10
118,Server 0,61,1,5,14
118,Server 1,65,1,15,15
118,Server 2,41,1,6,10
119,Server 0,61,1,5,14
119,Server 1,65,1,15,15
119,Server 2,41,1,6,10
120,Server 0,43,1,10,5
120,Server 1,65,1,15,15
120,Server 2,41,1,6,10
121,Server 0,43,1,10,5
121,Server 1,65,1,15,15
121,Server 2,41,1,6,10
122,Server 0,43,1,10,5
122,Server 1,65,1,15,15
122,Server 2,41,1,6,10
123,Server 0,43,1,10,5
123,Server 1,54,1,5,6
123,Server 2,41,1,6,10
124,Server 0,43,1,10,5
124,Server 1,54,1,5,6
124,Server 2,75,1,7,9
125,Server 0,55,1,11,6
125,Server 1,54,1,5,6
125,Server 2,75,1,7,9
126,Server 0,55,1,11,6
126,Server 1,54,1,5,6
126,Server 2,75,1,7,9
127,Server 0,55,1,11,6
127,Server 1,54,1,5,6
127,Server 2,75,1,7,9
128,Server 0,55,1,11,6
128,Server 1,54,1,5,6
128,Server 2,75,1,7,9
129,Server 0,55,1,11,6
129,Server 1,54,1,5,6
129,Server 2,75,1,7,9
130,Server 0,55,1,11,6
130,Server 1,54,1,5,6
130,Server 2,75,1,7,9
131,Server 0,55,1,11,6
131,Server 1,54,1,5,6
131,Server 2,75,1,7,9
132,Server 0,55,1,11,6
132,Server 1,54,1,5,6
132,Server 2,75,1,7,9
133,Server 0,55,1,11,6
133,Server 1,54,1,5,6
133,Server 2,75,1,7,9
134,Server 0,55,1,11,6
134,Server 1,54,1,5,6
134,Server 2,75,1,7,9
135,Server 0,55,1,11,6
135,Server 1,54,1,5,6
135,Server 2,75,1,7,9
136,Server 0,55,1,11,6
136,Server 1,54,1,5,6
136,Server 2,75,1,7,9
137,Server 0,55,1,11,6
137,Server 1,54,1,5,6
137,Server 2,73,1,12,6
138,Server 0,55,1,11,6
138,Server 1,57,1,15,12
138,Server 2,73,1,12,6
139,Server 0,53,1,15,10
139,Server 1,57,1,15,12
139,Server 2,73,1,12,6
140,Server 0,53,1,15,10
140,Server 1,57,1,15,12
140,Server 2,73,1,12,6
141,Server 0,53,1,15,10
141,Server 1,57,1,15,12
141,Server 2,73,1,12,6
142,Server 0,53,1,15,10
142,Server 1,57,1,15,12
142,Server 2,73,1,12,6
143,Server 0,53,1,15,10
143,Server 1,57,1,15,12
143,Server 2,73,1,12,6
144,Server 0,53,1,15,10
144,Server 1,57,1,15,12
144,Server 2,73,1,12,6
145,Server 0,53,1,15,10
145,Server 1,57,1,15,12
145,Server 2,44,1,5,10
146,Server 0,53,1,15,10
146,Server 1,70,1,11,8
146,Server 2,44,1,5,10
147,Server 0,76,1,6,6
147,Server 1,70,1,11,8
147,Server 2,44,1,5,10
148,Server 0,76,1,6,6
148,Server 1,70,1,11,8
148,Server 2,44,1,5,10
149,Server 0,76,1,6,6
149,Server 1,70,1,11,8
149,Server 2,44,1,5,10
150,Server 0,76,1,6,6
150,Server 1,70,1,11,8
150,Server 2,44,1,5,10
151,Server 0,76,1,6,6
151,Server 1,70,1,11,8
151,Server 2,86,1,14,14
152,Server 0,76,1,6,6
152,Server 1,86,1,5,15
152,Server 2,86,1,14,14
153,Server 0,76,1,6,6
153,Server 1,86,1,5,15
153,Server 2,86,1,14,14
154,Server 0,76,1,6,6
154,Server 1,86,1,5,15
154,Server 2,86,1,14,14
155,Server 0,76,1,6,6
155,Server 1,86,1,5,15
155,Server 2,86,1,14,14
156,Server 0,76,1,6,6
156,Server 1,86,1,5,15
156,Server 2,86,1,14,14
157,Server 0,76,1,6,6
157,Server 1,86,1,5,15
157,Server 2,86,1,14,14
158,Server 0,76,1,6,6
158,Server 1,86,1,5,15
158,Server 2,86,1,14,14
159,Server 0,76,1,6,6
159,Server 1,86,1,5,15
159,Server 2,86,1,14,14
160,Server 0,85,1,9,14
160,Server 1,86,1,5,15
160,Server 2,86,1,14,14
161,Server 0,85,1,9,14
161,Server 1,86,1,5,15
161,Server 2,86,1,14,14
162,Server 0,85,1,9,14
162,Server 1,86,1,5,15
162,Server 2,86,1,14,14
163,Server 0,85,1,9,14
163,Server 1,86,1,5,15
163,Server 2,67,1,10,11
164,Server 0,85,1,9,14
164,Server 1,86,1,5,15
164,Server 2,67,1,10,11
165,Server 0,85,1,9,14
165,Server 1,86,1,5,15
165,Server 2,67,1,10,11
166,Server 0,85,1,9,14
166,Server 1,86,1,5,15
166,Server 2,67,1,10,11
167,Server 0,85,1,9,14
167,Server 1,72,1,13,7
167,Server 2,67,1,10,11
168,Server 0,85,1,9,14
168,Server 1,72,1,13,7
168,Server 2,67,1,10,11
169,Server 0,85,1,9,14
169,Server 1,72,1,13,7
169,Server 2,67,1,10,11
170,Server 0,85,1,9,14
170,Server 1,72,1,13,7
170,Server 2,67,1,10,11
171,Server 0,85,1,9,14
171,Server 1,72,1,13,7
171,Server 2,67,1,10,11
172,Server 0,85,1,9,14
172,Server 1,78,1,5,14
172,Server 2,67,1,10,11
173,Server 0,85,1,9,14
173,Server 1,78,1,5,14
173,Server 2,67,1,10,11
174,Server 0,85,1,9,14
174,Server 1,78,1,5,14
174,Server 2,46,1,5,11
175,Server 0,49,1,9,9
175,Server 1,78,1,5,14
175,Server 2,46,1,5,11
176,Server 0,49,1,9,9
176,Server 1,78,1,5,14
176,Server 2,46,1,5,11
177,Server 0,49,1,9,9
177,Server 1,78,1,5,14
177,Server 2,46,1,5,11
178,Server 0,49,1,9,9
178,Server 1,48,1,15,15
178,Server 2,46,1,5,11
179,Server 0,49,1,9,9
179,Server 1,48,1,15,15
179,Server 2,46,1,5,11
180,Server 0,49,1,9,9
180,Server 1,48,1,15,15
180,Server 2,46,1,5,11
181,Server 0,49,1,9,9
181,Server 1,48,1,15,15
181,Server 2,46,1,5,11
182,Server 0,49,1,9,9
182,Server 1,48,1,15,15
182,Server 2,46,1,5,11
183,Server 0,49,1,9,9
183,Server 1,48,1,15,15
183,Server 2,46,1,5,11
184,Server 0,49,1,9,9
184,Server 1,48,1,15,15
184,Server 2,46,1,8,8
185,Server 0,49,1,9,9
185,Server 1,48,1,15,15
185,Server 2,46,1,8,8
186,Server 0,49,1,9,9
186,Server 1,48,1,15,15
186,Server 2,46,1,8,8
187,Server 0,49,1,9,9
187,Server 1,56,1,7,10
187,Server 2,46,1,8,8
188,Server 0,49,1,9,9
188,Server 1,56,1,7,10
188,Server 2,46,1,8,8
189,Server 0,67,1,9,5
189,Server 1,56,1,7,10
189,Server 2,46,1,8,8
190,Server 0,67,1,9,5
190,Server 1,56,1,7,10
190,Server 2,46,1,8,8
191,Server 0,67,1,9,5
191,Server 1,56,1,7,10
191,Server 2,46,1,8,8
192,Server 0,67,1,9,5
192,Server 1,56,1,7,10
192,Server 2,48,1,11,7
193,Server 0,67,1,9,5
193,Server 1,82,1,13,9
193,Server 2,48,1,11,7
194,Server 0,84,1,7,13
194,Server 1,82,1,13,9
194,Server 2,48,1,11,7
195,Server 0,84,1,7,13
195,Server 1,82,1,13,9
195,Server 2,48,1,11,7
196,Server 0,84,1,7,13
196,Server 1,82,1,13,9
196,Server 2,48,1,11,7
197,Server 0,84,1,7,13
197,Server 1,82,1,13,9
197,Server 2,48,1,11,7
198,Server 0,84,1,7,13
198,Server 1,82,1,13,9
198,Server 2,48,1,11,7
199,Server 0,55,1,15,6
199,Server 1,82,1,13,9
199,Server 2,48,1,11,7
200,Server 0,55,1,15,6
200,Server 1,82,1,13,9
200,Server 2,48,1,11,7
201,Server 0,55,1,15,6
201,Server 1,82,1,13,9
201,Server 2,44,1,12,13
202,Server 0,55,1,15,6
202,Server 1,82,1,13,9
202,Server 2,44,1,12,13
203,Server 0,55,1,15,6
203,Server 1,82,1,13,9
203,Server 2,44,1,12,13
204,Server 0,55,1,15,6
204,Server 1,82,1,13,9
204,Server 2,44,1,12,13
205,Server 0,55,1,15,6
205,Server 1,82,1,13,9
205,Server 2,44,1,12,13
206,Server 0,55,1,15,6
206,Server 1,82,1,13,9
206,Server 2,44,1,12,13
207,Server 0,55,1,15,6
207,Server 1,82,1,13,9
207,Server 2,74,1,5,6
208,Server 0,55,1,15,6
208,Server 1,61,1,8,15
208,Server 2,74,1,5,6
209,Server 0,51,1,11,5
209,Server 1,61,1,8,15
209,Server 2,74,1,5,6
210,Server 0,51,1,11,5
210,Server 1,61,1,8,15
210,Server 2,74,1,5,6
211,Server 0,51,1,11,5
211,Server 1,61,1,8,15
211,Server 2,74,1,5,6
212,Server 0,51,1,11,5
212,Server 1,61,1,8,15
212,Server 2,74,1,5,6
213,Server 0,51,1,11,5
213,Server 1,61,1,8,15
213,Server 2,74,1,5,6
214,Server 0,51,1,11,5
214,Server 1,61,1,8,15
214,Server 2,74,1,5,6
215,Server 0,51,1,11,5
215,Server 1,61,1,8,15
215,Server 2,71,1,12,8
216,Server 0,90,1,6,11
216,Server 1,61,1,8,15
216,Server 2,71,1,12,8
217,Server 0,90,1,6,11
217,Server 1,61,1,8,15
217,Server 2,71,1,12,8
218,Server 0,90,1,6,11
218,Server 1,61,1,8,15
218,Server 2,71,1,12,8
219,Server 0,90,1,6,11
219,Server 1,61,1,8,15
219,Server 2,71,1,12,8
220,Server 0,90,1,6,11
220,Server 1,61,1,8,15
220,Server 2,71,1,12,8
221,Server 0,54,1,8,12
221,Server 1,61,1,8,15
221,Server 2,71,1,12,8
222,Server 0,54,1,8,12
222,Server 1,61,1,8,15
222,Server 2,71,1,12,8
223,Server 0,54,1,8,12
223,Server 1,48,1,15,9
223,Server 2,71,1,12,8
224,Server 0,54,1,8,12
224,Server 1,48,1,15,9
224,Server 2,71,1,12,8
225,Server 0,54,1,8,12
225,Server 1,48,1,15,9
225,Server 2,71,1,12,8
226,Server 0,54,1,8,12
226,Server 1,48,1,15,9
226,Server 2,50,1,11,5
227,Server 0,54,1,8,12
227,Server 1,48,1,15,9
227,Server 2,50,1,11,5
228,Server 0,54,1,8,12
228,Server 1,48,1,15,9
228,Server 2,50,1,11,5
229,Server 0,54,1,8,12
229,Server 1,48,1,15,9
229,Server 2,50,1,11,5
230,Server 0,54,1,8,12
230,Server 1,77,1,13,7
230,Server 2,50,1,11,5
231,Server 0,90,1,8,8
231,Server 1,77,1,13,7
231,Server 2,50,1,11,5
232,Server 0,90,1,8,8
232,Server 1,77,1,13,7
232,Server 2,50,1,11,5
233,Server 0,90,1,8,8
233,Server 1,77,1,13,7
233,Server 2,50,1,11,5
234,Server 0,90,1,8,8
234,Server 1,77,1,13,7
234,Server 2,50,1,11,5
235,Server 0,90,1,8,8
235,Server 1,77,1,13,7
235,Server 2,50,1,11,5
236,Server 0,65,1,10,9
236,Server 1,77,1,13,7
236,Server 2,50,1,11,5
237,Server 0,65,1,10,9
237,Server 1,77,1,13,7
237,Server 2,90,1,12,9
238,Server 0,65,1,10,9
238,Server 1,77,1,13,7
238,Server 2,90,1,12,9
239,Server 0,65,1,10,9
239,Server 1,77,1,13,7
239,Server 2,90,1,12,9
240,Server 0,65,1,10,9
240,Server 1,77,1,13,7
240,Server 2,90,1,12,9
241,Server 0,65,1,10,9
241,Server 1,40,1,9,9
241,Server 2,90,1,12,9
242,Server 0,57,1,10,15
242,Server 1,40,1,9,9
242,Server 2,90,1,12,9
243,Server 0,57,1,10,15
243,Server 1,40,1,9,9
243,Server 2,90,1,12,9
244,Server 0,57,1,10,15
244,Server 1,40,1,9,9
244,Server 2,90,1,12,9
245,Server 0,57,1,10,15
245,Server 1,40,1,9,9
245,Server 2,90,1,12,9
246,Server 0,57,1,10,15
246,Server 1,40,1,9,9
246,Server 2,90,1,12,9
247,Server 0,57,1,10,15
247,Server 1,40,1,9,9
247,Server 2,90,1,12,9
248,Server 0,57,1,10,15
248,Server 1,40,1,9,9
248,Server 2,86,1,13,15
249,Server 0,57,1,10,15
249,Server 1,90,1,7,15
249,Server 2,86,1,13,15
250,Server 0,57,1,10,15
250,Server 1,90,1,7,15
250,Server 2,86,1,13,15
251,Server 0,57,1,10,15
251,Server 1,90,1,7,15
251,Server 2,86,1,13,15
252,Server 0,57,1,10,15
252,Server 1,90,1,7,15
252,Server 2,86,1,13,15
253,Server 0,57,1,10,15
253,Server 1,90,1,7,15
253,Server 2,86,1,13,15
254,Server 0,57,1,10,15
254,Server 1,90,1,7,15
254,Server 2,86,1,13,15
255,Server 0,74,1,10,5
255,Server 1,52,1,7,5
255,Server 2,86,1,13,15
256,Server 0,74,1,10,5
256,Server 1,52,1,7,5
256,Server 2,86,1,13,15
257,Server 0,74,1,10,5
257,Server 1,52,1,7,5
257,Server 2,86,1,13,15
258,Server 0,74,1,10,5
258,Server 1,52,1,7,5
258,Server 2,86,1,13,15
259,Server 0,74,1,10,5
259,Server 1,52,1,7,5
259,Server 2,86,1,13,15
260,Server 0,74,1,10,5
260,Server 1,55,1,7,15
260,Server 2,58,1,8,5
261,Server 0,56,1,7,14
261,Server 1,55,1,7,15
261,Server 2,58,1,8,5
262,Server 0,56,1,7,14
262,Server 1,55,1,7,15
262,Server 2,58,1,8,5
263,Server 0,56,1,7,14
263,Server 1,55,1,7,15
263,Server 2,58,1,8,5
264,Server 0,56,1,7,14
264,Server 1,55,1,7,15
264,Server 2,58,1,8,5
265,Server 0,56,1,7,14
265,Server 1,47,1,12,7
265,Server 2,58,1,8,5
266,Server 0,56,1,7,14
266,Server 1,47,1,12,7
266,Server 2,58,1,8,5
267,Server 0,56,1,7,14
267,Server 1,47,1,12,7
267,Server 2,58,1,8,5
268,Server 0,56,1,7,14
268,Server 1,47,1,12,7
268,Server 2,58,1,8,5
269,Server 0,56,1,7,14
269,Server 1,47,1,12,7
269,Server 2,58,1,8,5
270,Server 0,78,1,11,10
270,Server 1,47,1,12,7
270,Server 2,58,1,8,5
271,Server 0,78,1,11,10
271,Server 1,47,1,12,7
271,Server 2,58,1,8,5
272,Server 0,78,1,11,10
272,Server 1,47,1,12,7
272,Server 2,58,1,8,5
273,Server 0,78,1,11,10
273,Server 1,47,1,12,7
273,Server 2,58,1,8,5
274,Server 0,78,1,11,10
274,Server 1,47,1,12,7
274,Server 2,45,1,7,6
275,Server 0,78,1,11,10
275,Server 1,47,1,12,7
275,Server 2,45,1,7,6
276,Server 0,78,1,11,10
276,Server 1,47,1,12,7
276,Server 2,45,1,7,6
277,Server 0,78,1,11,10
277,Server 1,50,1,12,12
277,Server 2,45,1,7,6
278,Server 0,78,1,11,10
278,Server 1,50,1,12,12
278,Server 2,45,1,7,6
279,Server 0,78,1,11,10
279,Server 1,50,1,12,12
279,Server 2,45,1,7,6
280,Server 0,42,1,11,5
280,Server 1,50,1,12,12
280,Server 2,45,1,7,6
281,Server 0,42,1,11,5
281,Server 1,50,1,12,12
281,Server 2,45,1,7,6
282,Server 0,42,1,11,5
282,Server 1,50,1,12,12
282,Server 2,45,1,7,6
283,Server 0,42,1,11,5
283,Server 1,50,1,12,12
283,Server 2,45,1,7,6
284,Server 0,42,1,11,5
284,Server 1,50,1,12,12
284,Server 2,45,1,7,6
285,Server 0,42,1,11,5
285,Server 1,50,1,12,12
285,Server 2,45,1,7,6
286,Server 0,42,1,11,5
286,Server 1,61,1,10,13
286,Server 2,45,1,7,6
287,Server 0,42,1,11,5
287,Server 1,61,1,10,13
287,Server 2,45,1,7,6
288,Server 0,42,1,11,5
288,Server 1,61,1,10,13
288,Server 2,77,1,14,13
289,Server 0,42,1,11,5
289,Server 1,61,1,10,13
289,Server 2,77,1,14,13
290,Server 0,42,1,11,5
290,Server 1,61,1,10,13
290,Server 2,77,1,14,13
291,Server 0,42,1,11,5
291,Server 1,61,1,10,13
291,Server 2,77,1,14,13
292,Server 0,42,1,11,5
292,Server 1,53,1,11,11
292,Server 2,77,1,14,13
293,Server 0,44,1,15,10
293,Server 1,53,1,11,11
293,Server 2,77,1,14,13
294,Server 0,44,1,15,10
294,Server 1,53,1,11,11
294,Server 2,77,1,14,13
295,Server 0,44,1,15,10
295,Server 1,53,1,11,11
295,Server 2,77,1,14,13
296,Server 0,44,1,15,10
296,Server 1,53,1,11,11
296,Server 2,77,1,14,13
297,Server 0,44,1,15,10
297,Server 1,53,1,11,11
297,Server 2,77,1,14,13
298,Server 0,44,1,15,10
298,Server 1,53,1,11,11
298,Server 2,88,1,6,5
299,Server 0,44,1,15,10
299,Server 1,53,1,11,11
299,Server 2,88,1,6,5
300,Server 0,44,1,15,10
300,Server 1,53,1,11,11
300,Server 2,88,1,6,5
301,Server 0,44,1,15,10
301,Server 1,53,1,11,11
301,Server 2,88,1,6,5
302,Server 0,44,1,15,10
302,Server 1,53,1,11,11
302,Server 2,88,1,6,5
303,Server 0,44,1,15,10
303,Server 1,53,1,11,11
303,Server 2,88,1,6,5
304,Server 0,44,1,15,10
304,Server 1,53,1,11,11
304,Server 2,88,1,6,5
305,Server 0,44,1,15,10
305,Server 1,53,1,11,11
305,Server 2,88,1,6,5
306,Server 0,44,1,15,10
306,Server 1,87,1,13,14
306,Server 2,88,1,6,5
307,Server 0,60,1,11,9
307,Server 1,87,1,13,14
307,Server 2,88,1,6,5
308,Server 0,60,1,11,9
308,Server 1,87,1,13,14
308,Server 2,88,1,6,5
309,Server 0,60,1,11,9
309,Server 1,87,1,13,14
309,Server 2,88,1,6,5
310,Server 0,60,1,11,9
310,Server 1,87,1,13,14
310,Server 2,63,1,9,7
311,Server 0,60,1,11,9
311,Server 1,87,1,13,14
311,Server 2,63,1,9,7
312,Server 0,60,1,11,9
312,Server 1,87,1,13,14
312,Server 2,63,1,9,7
313,Server 0,60,1,11,9
313,Server 1,87,1,13,14
313,Server 2,63,1,9,7
314,Server 0,60,1,11,9
314,Server 1,48,1,14,13
314,Server 2,63,1,9,7
315,Server 0,60,1,11,9
315,Server 1,48,1,14,13
315,Server 2,63,1,9,7
316,Server 0,60,1,11,9
316,Server 1,48,1,14,13
316,Server 2,63,1,9,7
317,Server 0,60,1,11,9
317,Server 1,48,1,14,13
317,Server 2,63,1,9,7
318,Server 0,60,1,11,9
318,Server 1,48,1,14,13
318,Server 2,63,1,9,7
319,Server 0,60,1,11,9
319,Server 1,64,1,10,8
319,Server 2,63,1,9,7
320,Server 0,51,1,14,14
320,Server 1,64,1,10,8
320,Server 2,63,1,9,7
321,Server 0,51,1,14,14
321,Server 1,64,1,10,8
321,Server 2,63,1,9,7
322,Server 0,51,1,14,14
322,Server 1,64,1,10,8
322,Server 2,48,1,9,6
323,Server 0,51,1,14,14
323,Server 1,64,1,10,8
323,Server 2,48,1,9,6
324,Server 0,51,1,14,14
324,Server 1,64,1,10,8
324,Server 2,48,1,9,6
325,Server 0,51,1,14,14
325,Server 1,64,1,10,8
325,Server 2,48,1,9,6
326,Server 0,51,1,14,14
326,Server 1,64,1,10,8
326,Server 2,48,1,9,6
327,Server 0,51,1,14,14
327,Server 1,64,1,10,8
327,Server 2,48,1,9,6
328,Server 0,51,1,14,14
328,Server 1,64,1,10,8
328,Server 2,72,1,12,9
329,Server 0,68,1,15,8
329,Server 1,64,1,10,8
329,Server 2,72,1,12,9
330,Server 0,68,1,15,8
330,Server 1,64,1,10,8
330,Server 2,72,1,12,9
331,Server 0,68,1,15,8
331,Server 1,62,1,8,15
331,Server 2,72,1,12,9
332,Server 0,68,1,15,8
332,Server 1,62,1,8,15
332,Server 2,72,1,12,9
333,Server 0,68,1,15,8
333,Server 1,62,1,8,15
333,Server 2,75,1,11,13
334,Server 0,68,1,15,8
334,Server 1,62,1,8,15
334,Server 2,75,1,11,13
335,Server 0,68,1,15,8
335,Server 1,62,1,8,15
335,Server 2,75,1,11,13
336,Server 0,68,1,15,8
336,Server 1,62,1,8,15
336,Server 2,75,1,11,13
337,Server 0,68,1,15,8
337,Server 1,82,1,6,14
337,Server 2,75,1,11,13
338,Server 0,68,1,15,8
338,Server 1,82,1,6,14
338,Server 2,59,1,10,5
339,Server 0,68,1,15,8
339,Server 1,82,1,6,14
339,Server 2,59,1,10,5
340,Server 0,68,1,15,8
340,Server 1,82,1,6,14
340,Server 2,59,1,10,5
341,Server 0,68,1,15,8
341,Server 1,82,1,6,14
341,Server 2,59,1,10,5
342,Server 0,88,1,8,15
342,Server 1,82,1,6,14
342,Server 2,59,1,10,5
343,Server 0,88,1,8,15
343,Server 1,82,1,6,14
343,Server 2,59,1,10,5
344,Server 0,88,1,8,15
344,Server 1,82,1,6,14
344,Server 2,59,1,10,5
345,Server 0,88,1,8,15
345,Server 1,41,1,9,14
345,Server 2,59,1,10,5
346,Server 0,88,1,8,15
346,Server 1,41,1,9,14
346,Server 2,59,1,10,5
347,Server 0,88,1,8,15
347,Server 1,41,1,9,14
347,Server 2,59,1,10,5
348,Server 0,88,1,8,15
348,Server 1,41,1,9,14
348,Server 2,66,1,14,7
349,Server 0,88,1,8,15
349,Server 1,41,1,9,14
349,Server 2,66,1,14,7
350,Server 0,88,1,8,15
350,Server 1,41,1,9,14
350,Server 2,66,1,14,7
351,Server 0,80,1,14,8
351,Server 1,41,1,9,14
351,Server 2,66,1,14,7
352,Server 0,80,1,14,8
352,Server 1,41,1,9,14
352,Server 2,66,1,14,7
353,Server 0,80,1,14,8
353,Server 1,41,1,9,14
353,Server 2,66,1,14,7
354,Server 0,80,1,14,8
354,Server 1,41,1,9,14
354,Server 2,66,1,14,7
355,Server 0,80,1,14,8
355,Server 1,41,1,9,14
355,Server 2,66,1,14,7
356,Server 0,80,1,14,8
356,Server 1,41,1,9,14
356,Server 2,61,1,11,15
357,Server 0,80,1,14,8
357,Server 1,41,1,9,14
357,Server 2,61,1,11,15
358,Server 0,80,1,14,8
358,Server 1,41,1,9,14
358,Server 2,61,1,11,15
359,Server 0,80,1,14,8
359,Server 1,41,1,9,14
359,Server 2,61,1,11,15
360,Server 0,80,1,14,8
360,Server 1,78,1,6,14
360,Server 2,61,1,11,15
361,Server 0,80,1,14,8
361,Server 1,78,1,6,14
361,Server 2,61,1,11,15
362,Server 0,84,1,13,12
362,Server 1,78,1,6,14
362,Server 2,61,1,11,15
363,Server 0,84,1,13,12
363,Server 1,78,1,6,14
363,Server 2,61,1,11,15
364,Server 0,84,1,13,12
364,Server 1,78,1,6,14
364,Server 2,72,1,6,11
365,Server 0,84,1,13,12
365,Server 1,63,1,15,12
365,Server 2,72,1,6,11
366,Server 0,84,1,13,12
366,Server 1,63,1,15,12
366,Server 2,72,1,6,11
367,Server 0,86,1,13,11
367,Server 1,63,1,15,12
367,Server 2,72,1,6,11
368,Server 0,86,1,13,11
368,Server 1,63,1,15,12
368,Server 2,72,1,6,11
369,Server 0,86,1,13,11
369,Server 1,63,1,15,12
369,Server 2,72,1,6,11
370,Server 0,86,1,13,11
370,Server 1,63,1,15,12
370,Server 2,72,1,6,11
371,Server 0,86,1,13,11
371,Server 1,63,1,15,12
371,Server 2,72,1,6,11
372,Server 0,86,1,13,11
372,Server 1,77,1,9,10
372,Server 2,72,1,6,11
373,Server 0,86,1,13,11
373,Server 1,77,1,9,10
373,Server 2,72,1,6,11
374,Server 0,86,1,13,11
374,Server 1,77,1,9,10
374,Server 2,72,1,6,11
375,Server 0,86,1,13,11
375,Server 1,77,1,9,10
375,Server 2,72,1,6,11
376,Server 0,86,1,13,11
376,Server 1,77,1,9,10
376,Server 2,72,1,6,11
377,Server 0,86,1,13,11
377,Server 1,77,1,9,10
377,Server 2,72,1,6,11
378,Server 0,86,1,13,11
378,Server 1,77,1,9,10
378,Server 2,74,1,15,15
379,Server 0,86,1,13,11
379,Server 1,77,1,9,10
379,Server 2,74,1,15,15
380,Server 0,57,1,12,6
380,Server 1,71,1,10,7
380,Server 2,74,1,15,15
381,Server 0,57,1,12,6
381,Server 1,71,1,10,7
381,Server 2,74,1,15,15
382,Server 0,57,1,12,6
382,Server 1,71,1,10,7
382,Server 2,74,1,15,15
383,Server 0,57,1,12,6
383,Server 1,71,1,10,7
383,Server 2,74,1,15,15
384,Server 0,57,1,12,6
384,Server 1,71,1,10,7
384,Server 2,74,1,15,15
385,Server 0,57,1,12,6
385,Server 1,71,1,10,7
385,Server 2,74,1,15,15
386,Server 0,57,1,12,6
386,Server 1,71,1,10,7
386,Server 2,47,1,9,13
387,Server 0,57,1,12,6
387,Server 1,71,1,10,7
387,Server 2,47,1,9,13
388,Server 0,57,1,12,6
388,Server 1,71,1,10,7
388,Server 2,47,1,9,13
389,Server 0,66,1,10,13
389,Server 1,71,1,10,7
389,Server 2,47,1,9,13
390,Server 0,66,1,10,13
390,Server 1,71,1,10,7
390,Server 2,47,1,9,13
391,Server 0,66,1,10,13
391,Server 1,71,1,10,7
391,Server 2,47,1,9,13
392,Server 0,66,1,10,13
392,Server 1,45,1,8,11
392,Server 2,47,1,9,13
393,Server 0,66,1,10,13
393,Server 1,45,1,8,11
393,Server 2,47,1,9,13
394,Server 0,66,1,10,13
394,Server 1,45,1,8,11
394,Server 2,47,1,9,13
395,Server 0,66,1,10,13
395,Server 1,45,1,8,11
395,Server 2,66,1,15,11
396,Server 0,66,1,10,13
396,Server 1,45,1,8,11
396,Server 2,66,1,15,11
397,Server 0,66,1,10,13
397,Server 1,45,1,8,11
397,Server 2,66,1,15,11
398,Server 0,66,1,10,13
398,Server 1,45,1,8,11
398,Server 2,66,1,15,11
399,Server 0,66,1,10,13
399,Server 1,45,1,8,11
399,Server 2,66,1,15,11
400,Server 0,66,1,10,13
400,Server 1,45,1,8,11
400,Server 2,66,1,15,11
401,Server 0,62,1,9,11
401,Server 1,45,1,8,11
401,Server 2,66,1,15,11
402,Server 0,62,1,9,11
402,Server 1,45,1,8,11
402,Server 2,66,1,15,11
403,Server 0,62,1,9,11
403,Server 1,45,1,8,11
403,Server 2,66,1,15,11
404,Server 0,62,1,9,11
404,Server 1,45,1,8,6
404,Server 2,66,1,15,11
405,Server 0,62,1,9,11
405,Server 1,45,1,8,6
405,Server 2,66,1,15,11
406,Server 0,62,1,9,11
406,Server 1,45,1,8,6
406,Server 2,66,1,15,11
407,Server 0,62,1,9,11
407,Server 1,45,1,8,6
407,Server 2,66,1,15,11
408,Server 0,62,1,9,11
408,Server 1,45,1,8,6
408,Server 2,66,1,15,11
409,Server 0,62,1,9,11
409,Server 1,45,1,8,6
409,Server 2,66,1,15,11
410,Server 0,62,1,9,11
410,Server 1,45,1,8,6
410,Server 2,77,1,14,15
411,Server 0,62,1,9,11
411,Server 1,45,1,8,6
411,Server 2,77,1,14,15
412,Server 0,82,1,15,11
412,Server 1,45,1,8,6
412,Server 2,77,1,14,15
413,Server 0,82,1,15,11
413,Server 1,45,1,8,6
413,Server 2,77,1,14,15
414,Server 0,82,1,15,11
414,Server 1,45,1,8,6
414,Server 2,77,1,14,15
415,Server 0,82,1,15,11
415,Server 1,45,1,8,6
415,Server 2,77,1,14,15
416,Server 0,82,1,15,11
416,Server 1,45,1,8,6
416,Server 2,77,1,14,15
417,Server 0,82,1,15,11
417,Server 1,64,1,12,12
417,Server 2,77,1,14,15
418,Server 0,82,1,15,11
418,Server 1,64,1,12,12
418,Server 2,77,1,14,15
419,Server 0,67,1,7,12
419,Server 1,64,1,12,12
419,Server 2,77,1,14,15
420,Server 0,67,1,7,12
420,Server 1,64,1,12,12
420,Server 2,82,1,15,14
421,Server 0,67,1,7,12
421,Server 1,64,1,12,12
421,Server 2,82,1,15,14
422,Server 0,67,1,7,12
422,Server 1,64,1,12,12
422,Server 2,82,1,15,14
423,Server 0,67,1,7,12
423,Server 1,64,1,12,12
423,Server 2,82,1,15,14
424,Server 0,67,1,7,12
424,Server 1,64,1,12,12
424,Server 2,82,1,15,14
425,Server 0,67,1,7,12
425,Server 1,64,1,12,12
425,Server 2,82,1,15,14
426,Server 0,45,1,12,5
426,Server 1,87,1,6,8
426,Server 2,82,1,15,14
427,Server 0,45,1,12,5
427,Server 1,87,1,6,8
427,Server 2,82,1,15,14
428,Server 0,45,1,12,5
428,Server 1,87,1,6,8
428,Server 2,82,1,15,14
429,Server 0,45,1,12,5
429,Server 1,87,1,6,8
429,Server 2,82,1,15,14
430,Server 0,45,1,12,5
430,Server 1,87,1,6,8
430,Server 2,70,1,14,6
431,Server 0,45,1,12,5
431,Server 1,87,1,6,8
431,Server 2,70,1,14,6
432,Server 0,45,1,12,5
432,Server 1,87,1,6,8
432,Server 2,70,1,14,6
433,Server 0,45,1,12,5
433,Server 1,87,1,6,8
433,Server 2,70,1,14,6
434,Server 0,45,1,12,5
434,Server 1,87,1,6,8
434,Server 2,70,1,14,6
435,Server 0,45,1,12,5
435,Server 1,87,1,6,8
435,Server 2,70,1,14,6
436,Server 0,45,1,12,5
436,Server 1,87,1,6,8
436,Server 2,70,1,14,6
437,Server 0,45,1,12,5
437,Server 1,87,1,6,8
437,Server 2,70,1,14,6
438,Server 0,45,1,12,5
438,Server 1,87,1,6,8
438,Server 2,70,1,14,6
439,Server 0,41,1,14,7
439,Server 1,87,1,6,8
439,Server 2,70,1,14,6
440,Server 0,41,1,14,7
440,Server 1,87,1,6,8
440,Server 2,70,1,14,6
441,Server 0,41,1,14,7
441,Server 1,78,1,12,9
441,Server 2,70,1,14,6
442,Server 0,41,1,14,7
442,Server 1,78,1,12,9
442,Server 2,89,1,6,11
443,Server 0,41,1,14,7
443,Server 1,78,1,12,9
443,Server 2,89,1,6,11
444,Server 0,41,1,14,7
444,Server 1,78,1,12,9
444,Server 2,89,1,6,11
445,Server 0,41,1,14,7
445,Server 1,78,1,12,9
445,Server 2,89,1,6,11
446,Server 0,41,1,14,7
446,Server 1,52,1,11,6
446,Server 2,89,1,6,11
447,Server 0,87,1,6,7
447,Server 1,52,1,11,6
447,Server 2,89,1,6,11
448,Server 0,87,1,6,7
448,Server 1,52,1,11,6
448,Server 2,89,1,6,11
449,Server 0,87,1,6,7
449,Server 1,52,1,11,6
449,Server 2,89,1,6,11
450,Server 0,87,1,6,7
450,Server 1,52,1,11,6
450,Server 2,75,1,14,10
451,Server 0,87,1,6,7
451,Server 1,52,1,11,6
451,Server 2,75,1,14,10
452,Server 0,87,1,6,7
452,Server 1,52,1,11,6
452,Server 2,75,1,14,10
453,Server 0,87,1,6,7
453,Server 1,52,1,11,6
453,Server 2,75,1,14,10
454,Server 0,87,1,6,7
454,Server 1,52,1,11,6
454,Server 2,75,1,14,10
455,Server 0,87,1,6,7
455,Server 1,52,1,11,6
455,Server 2,75,1,14,10
456,Server 0,80,1,8,6
456,Server 1,52,1,11,6
456,Server 2,75,1,14,10
457,Server 0,80,1,8,6
457,Server 1,52,1,11,6
457,Server 2,75,1,14,10
458,Server 0,80,1,8,6
458,Server 1,52,1,11,6
458,Server 2,75,1,14,10
459,Server 0,80,1,8,6
459,Server 1,68,1,6,12
459,Server 2,75,1,14,10
460,Server 0,80,1,8,6
460,Server 1,68,1,6,12
460,Server 2,75,1,14,10
461,Server 0,80,1,8,6
461,Server 1,68,1,6,12
461,Server 2,75,1,14,10
462,Server 0,80,1,8,6
462,Server 1,68,1,6,12
462,Server 2,80,1,9,13
463,Server 0,80,1,8,6
463,Server 1,68,1,6,12
463,Server 2,80,1,9,13
464,Server 0,80,1,8,6
464,Server 1,68,1,6,12
464,Server 2,80,1,9,13
465,Server 0,61,1,5,11
465,Server 1,68,1,6,12
465,Server 2,80,1,9,13
466,Server 0,61,1,5,11
466,Server 1,68,1,6,12
466,Server 2,80,1,9,13
467,Server 0,61,1,5,11
467,Server 1,68,1,6,12
467,Server 2,80,1,9,13
468,Server 0,61,1,5,11
468,Server 1,41,1,6,8
468,Server 2,80,1,9,13
469,Server 0,61,1,5,11
469,Server 1,41,1,6,8
469,Server 2,80,1,9,13
470,Server 0,61,1,5,11
470,Server 1,41,1,6,8
470,Server 2,80,1,9,13
471,Server 0,61,1,5,11
471,Server 1,41,1,6,8
471,Server 2,80,1,9,13
472,Server 0,61,1,5,11
472,Server 1,41,1,6,8
472,Server 2,80,1,9,13
473,Server 0,61,1,5,11
473,Server 1,41,1,6,8
473,Server 2,80,1,9,13
474,Server 0,61,1,5,11
474,Server 1,41,1,6,8
474,Server 2,54,1,11,7
475,Server 0,61,1,5,11
475,Server 1,41,1,6,8
475,Server 2,54,1,11,7
476,Server 0,61,1,5,11
476,Server 1,41,1,6,8
476,Server 2,54,1,11,7
477,Server 0,74,1,12,12
477,Server 1,41,1,6,8
477,Server 2,54,1,11,7
478,Server 0,74,1,12,12
478,Server 1,41,1,6,8
478,Server 2,54,1,11,7
479,Server 0,74,1,12,12
479,Server 1,41,1,6,8
479,Server 2,54,1,11,7
480,Server 0,74,1,12,12
480,Server 1,41,1,6,8
480,Server 2,54,1,11,7
481,Server 0,74,1,12,12
481,Server 1,41,1,6,8
481,Server 2,54,1,11,7
482,Server 0,74,1,12,12
482,Server 1,41,1,6,8
482,Server 2,41,1,14,11
483,Server 0,74,1,12,12
483,Server 1,68,1,9,7
483,Server 2,41,1,14,11
484,Server 0,74,1,12,12
484,Server 1,68,1,9,7
484,Server 2,41,1,14,11
485,Server 0,74,1,12,12
485,Server 1,68,1,9,7
485,Server 2,41,1,14,11
486,Server 0,74,1,12,12
486,Server 1,68,1,9,7
486,Server 2,41,1,14,11
487,Server 0,74,1,12,12
487,Server 1,68,1,9,7
487,Server 2,41,1,14,11
488,Server 0,76,1,14,15
488,Server 1,68,1,9,7
488,Server 2,41,1,14,11
489,Server 0,76,1,14,15
489,Server 1,68,1,9,7
489,Server 2,41,1,14,11
490,Server 0,76,1,14,15
490,Server 1,68,1,9,7
490,Server 2,41,1,14,11
491,Server 0,76,1,14,15
491,Server 1,68,1,9,7
491,Server 2,41,1,14,11
492,Server 0,76,1,14,15
492,Server 1,68,1,9,7
492,Server 2,41,1,14,11
493,Server 0,76,1,14,15
493,Server 1,68,1,9,7
493,Server 2,41,1,14,11
494,Server 0,76,1,14,15
494,Server 1,68,1,9,7
494,Server 2,57,1,11,12
495,Server 0,76,1,14,15
495,Server 1,68,1,9,7
495,Server 2,57,1,11,12
496,Server 0,76,1,14,15
496,Server 1,68,1,9,7
496,Server 2,57,1,11,12
497,Server 0,76,1,14,15
497,Server 1,84,1,12,9
497,Server 2,57,1,11,12
498,Server 0,76,1,14,15
498,Server 1,84,1,12,9
498,Server 2,57,1,11,12
499,Server 0,57,1,13,5
499,Server 1,84,1,12,9
499,Server 2,77,1,14,15
